timestamp_consulta,fecha_viaje,dia_semana,dias_antelacion,origen,destino,ruta,hora_salida,hora_llegada,tipo_tren,precio,clase
2026-02-05 11:30:49,2026-02-06,Viernes,1,Barcelona,Valladolid,BAR_VAL,06:35,12:23,AVE,81.3,Turista
2026-02-05 11:30:49,2026-02-06,Viernes,1,Barcelona,Valladolid,BAR_VAL,07:27,13:10,AVE,67.3,Turista
2026-02-05 11:30:49,2026-02-06,Viernes,1,Barcelona,Valladolid,BAR_VAL,08:25,14:06,AVE,62.5,Turista
2026-02-05 11:30:49,2026-02-06,Viernes,1,Barcelona,Valladolid,BAR_VAL,09:00,14:53,AVE,55.9,Turista
2026-02-05 11:30:49,2026-02-06,Viernes,1,Barcelona,Valladolid,BAR_VAL,09:05,16:58,ALVIA,37.1,Turista
2026-02-05 11:30:57,2026-02-07,Sábado,2,Barcelona,Valladolid,BAR_VAL,06:35,12:23,AVE,74.5,Turista
2026-02-05 11:30:57,2026-02-07,Sábado,2,Barcelona,Valladolid,BAR_VAL,09:00,14:57,AVE,74.9,Turista
2026-02-05 11:30:57,2026-02-07,Sábado,2,Barcelona,Valladolid,BAR_VAL,09:05,16:58,ALVIA,37.1,Turista
2026-02-05 11:30:57,2026-02-07,Sábado,2,Barcelona,Valladolid,BAR_VAL,09:55,15:59,AVE,47.4,Turista
2026-02-05 11:30:57,2026-02-07,Sábado,2,Barcelona,Valladolid,BAR_VAL,11:00,16:45,AVE,55.9,Turista
2026-02-05 11:31:08,2026-02-08,Domingo,3,Barcelona,Valladolid,BAR_VAL,06:35,12:23,AVE,51.7,Turista
2026-02-05 11:31:08,2026-02-08,Domingo,3,Barcelona,Valladolid,BAR_VAL,09:00,14:57,AVE,74.9,Turista
2026-02-05 11:31:08,2026-02-08,Domingo,3,Barcelona,Valladolid,BAR_VAL,09:05,16:58,ALVIA,37.1,Turista
2026-02-05 11:31:08,2026-02-08,Domingo,3,Barcelona,Valladolid,BAR_VAL,09:55,15:45,AVE,57.3,Turista
2026-02-05 11:31:08,2026-02-08,Domingo,3,Barcelona,Valladolid,BAR_VAL,11:00,16:45,AVE,55.9,Turista
2026-02-05 11:31:15,2026-02-09,Lunes,4,Barcelona,Valladolid,BAR_VAL,07:00,12:23,AVE,65.2,Turista
2026-02-05 11:31:15,2026-02-09,Lunes,4,Barcelona,Valladolid,BAR_VAL,07:27,13:10,AVE,67.3,Turista
2026-02-05 11:31:15,2026-02-09,Lunes,4,Barcelona,Valladolid,BAR_VAL,08:25,14:06,AVE,56.4,Turista
2026-02-05 11:31:15,2026-02-09,Lunes,4,Barcelona,Valladolid,BAR_VAL,09:00,14:57,AVE,74.9,Turista
2026-02-05 11:31:22,2026-02-10,Martes,5,Barcelona,Valladolid,BAR_VAL,07:00,12:23,AVE,62.5,Turista
2026-02-05 11:31:22,2026-02-10,Martes,5,Barcelona,Valladolid,BAR_VAL,07:27,13:10,AVE,67.3,Turista
2026-02-05 11:31:22,2026-02-10,Martes,5,Barcelona,Valladolid,BAR_VAL,08:25,14:06,AVE,62.5,Turista
2026-02-05 11:31:22,2026-02-10,Martes,5,Barcelona,Valladolid,BAR_VAL,09:00,14:57,AVE,74.9,Turista
2026-02-05 11:31:22,2026-02-10,Martes,5,Barcelona,Valladolid,BAR_VAL,09:05,16:58,ALVIA,44.5,Turista
2026-02-05 11:31:30,2026-02-11,Miércoles,6,Barcelona,Valladolid,BAR_VAL,07:00,12:23,AVE,62.5,Turista
2026-02-05 11:31:30,2026-02-11,Miércoles,6,Barcelona,Valladolid,BAR_VAL,07:27,13:10,AVE,67.3,Turista
2026-02-05 11:31:30,2026-02-11,Miércoles,6,Barcelona,Valladolid,BAR_VAL,08:25,14:06,AVE,62.5,Turista
2026-02-05 11:31:30,2026-02-11,Miércoles,6,Barcelona,Valladolid,BAR_VAL,09:00,14:57,AVE,74.9,Turista
2026-02-05 11:31:30,2026-02-11,Miércoles,6,Barcelona,Valladolid,BAR_VAL,09:05,16:58,ALVIA,44.5,Turista
2026-02-05 11:31:37,2026-02-12,Jueves,7,Barcelona,Valladolid,BAR_VAL,05:40,11:20,AVE,72.3,Turista
2026-02-05 11:31:37,2026-02-12,Jueves,7,Barcelona,Valladolid,BAR_VAL,07:00,12:23,AVE,67.8,Turista
2026-02-05 11:31:37,2026-02-12,Jueves,7,Barcelona,Valladolid,BAR_VAL,07:27,13:10,AVE,67.3,Turista
2026-02-05 11:31:37,2026-02-12,Jueves,7,Barcelona,Valladolid,BAR_VAL,08:25,14:06,AVE,62.5,Turista
2026-02-05 11:31:37,2026-02-12,Jueves,7,Barcelona,Valladolid,BAR_VAL,09:00,14:57,AVE,74.9,Turista
2026-02-05 11:31:46,2026-02-13,Viernes,8,Barcelona,Valladolid,BAR_VAL,06:35,12:23,AVE,51.7,Turista
2026-02-05 11:31:46,2026-02-13,Viernes,8,Barcelona,Valladolid,BAR_VAL,07:27,13:10,AVE,60.9,Turista
2026-02-05 11:31:46,2026-02-13,Viernes,8,Barcelona,Valladolid,BAR_VAL,08:25,14:06,AVE,66.7,Turista
2026-02-05 11:31:46,2026-02-13,Viernes,8,Barcelona,Valladolid,BAR_VAL,09:00,14:53,AVE,55.9,Turista
2026-02-05 11:31:46,2026-02-13,Viernes,8,Barcelona,Valladolid,BAR_VAL,09:05,16:58,ALVIA,59.35,Turista
2026-02-05 11:31:56,2026-02-14,Sábado,9,Barcelona,Valladolid,BAR_VAL,06:35,12:23,AVE,56.9,Turista
2026-02-05 11:31:56,2026-02-14,Sábado,9,Barcelona,Valladolid,BAR_VAL,09:00,14:57,AVE,74.9,Turista
2026-02-05 11:31:56,2026-02-14,Sábado,9,Barcelona,Valladolid,BAR_VAL,09:05,16:58,ALVIA,59.35,Turista
2026-02-05 11:31:56,2026-02-14,Sábado,9,Barcelona,Valladolid,BAR_VAL,09:55,15:59,AVE,47.4,Turista
2026-02-05 11:31:56,2026-02-14,Sábado,9,Barcelona,Valladolid,BAR_VAL,11:00,16:45,AVE,55.9,Turista
2026-02-05 11:32:04,2026-02-15,Domingo,10,Barcelona,Valladolid,BAR_VAL,06:35,12:23,AVE,51.7,Turista
2026-02-05 11:32:04,2026-02-15,Domingo,10,Barcelona,Valladolid,BAR_VAL,08:00,14:06,AVE,55.9,Turista
2026-02-05 11:32:04,2026-02-15,Domingo,10,Barcelona,Valladolid,BAR_VAL,09:00,14:57,AVE,74.9,Turista
2026-02-05 11:32:04,2026-02-15,Domingo,10,Barcelona,Valladolid,BAR_VAL,09:05,16:58,ALVIA,66.8,Turista
2026-02-05 11:32:04,2026-02-15,Domingo,10,Barcelona,Valladolid,BAR_VAL,09:55,15:45,AVE,74.7,Turista
2026-02-05 11:32:10,2026-02-16,Lunes,11,Barcelona,Valladolid,BAR_VAL,05:40,11:20,AVE,55.9,Turista
2026-02-05 11:32:10,2026-02-16,Lunes,11,Barcelona,Valladolid,BAR_VAL,07:00,12:23,AVE,67.8,Turista
2026-02-05 11:32:10,2026-02-16,Lunes,11,Barcelona,Valladolid,BAR_VAL,07:27,13:10,AVE,67.3,Turista
2026-02-05 11:32:10,2026-02-16,Lunes,11,Barcelona,Valladolid,BAR_VAL,08:25,14:06,AVE,62.5,Turista
2026-02-05 11:32:10,2026-02-16,Lunes,11,Barcelona,Valladolid,BAR_VAL,09:00,14:57,AVE,74.9,Turista
2026-02-05 11:32:19,2026-02-17,Martes,12,Barcelona,Valladolid,BAR_VAL,07:00,12:23,AVE,76.6,Turista
2026-02-05 11:32:19,2026-02-17,Martes,12,Barcelona,Valladolid,BAR_VAL,07:27,13:10,AVE,67.3,Turista
2026-02-05 11:32:19,2026-02-17,Martes,12,Barcelona,Valladolid,BAR_VAL,08:25,14:06,AVE,62.5,Turista
2026-02-05 11:32:19,2026-02-17,Martes,12,Barcelona,Valladolid,BAR_VAL,09:00,14:57,AVE,74.9,Turista
2026-02-05 11:32:19,2026-02-17,Martes,12,Barcelona,Valladolid,BAR_VAL,09:05,16:58,ALVIA,59.35,Turista
2026-02-05 11:32:25,2026-02-18,Miércoles,13,Barcelona,Valladolid,BAR_VAL,07:00,12:23,AVE,62.5,Turista
2026-02-05 11:32:25,2026-02-18,Miércoles,13,Barcelona,Valladolid,BAR_VAL,07:27,13:10,AVE,67.3,Turista
2026-02-05 11:32:25,2026-02-18,Miércoles,13,Barcelona,Valladolid,BAR_VAL,08:25,14:06,AVE,62.5,Turista
2026-02-05 11:32:25,2026-02-18,Miércoles,13,Barcelona,Valladolid,BAR_VAL,09:00,14:57,AVE,74.9,Turista
2026-02-05 11:32:25,2026-02-18,Miércoles,13,Barcelona,Valladolid,BAR_VAL,09:05,16:58,ALVIA,51.95,Turista
2026-02-05 11:32:31,2026-02-19,Jueves,14,Barcelona,Valladolid,BAR_VAL,05:40,11:20,AVE,72.3,Turista
2026-02-05 11:32:31,2026-02-19,Jueves,14,Barcelona,Valladolid,BAR_VAL,07:00,12:23,AVE,62.5,Turista
2026-02-05 11:32:31,2026-02-19,Jueves,14,Barcelona,Valladolid,BAR_VAL,07:27,13:10,AVE,67.3,Turista
2026-02-05 11:32:31,2026-02-19,Jueves,14,Barcelona,Valladolid,BAR_VAL,08:25,14:06,AVE,62.5,Turista
2026-02-05 11:32:31,2026-02-19,Jueves,14,Barcelona,Valladolid,BAR_VAL,09:00,14:57,AVE,74.9,Turista
2026-02-05 11:32:39,2026-02-20,Viernes,15,Barcelona,Valladolid,BAR_VAL,06:35,12:23,AVE,51.7,Turista
2026-02-05 11:32:39,2026-02-20,Viernes,15,Barcelona,Valladolid,BAR_VAL,07:27,13:10,AVE,67.3,Turista
2026-02-05 11:32:39,2026-02-20,Viernes,15,Barcelona,Valladolid,BAR_VAL,08:25,14:06,AVE,66.7,Turista
2026-02-05 11:32:39,2026-02-20,Viernes,15,Barcelona,Valladolid,BAR_VAL,09:00,14:53,AVE,55.9,Turista
2026-02-05 11:32:39,2026-02-20,Viernes,15,Barcelona,Valladolid,BAR_VAL,09:05,16:58,ALVIA,59.35,Turista
2026-02-05 11:32:47,2026-02-21,Sábado,16,Barcelona,Valladolid,BAR_VAL,06:35,12:23,AVE,51.7,Turista
2026-02-05 11:32:47,2026-02-21,Sábado,16,Barcelona,Valladolid,BAR_VAL,09:00,14:57,AVE,74.9,Turista
2026-02-05 11:32:47,2026-02-21,Sábado,16,Barcelona,Valladolid,BAR_VAL,09:05,16:58,ALVIA,51.95,Turista
2026-02-05 11:32:47,2026-02-21,Sábado,16,Barcelona,Valladolid,BAR_VAL,09:55,15:59,AVE,51.7,Turista
2026-02-05 11:32:47,2026-02-21,Sábado,16,Barcelona,Valladolid,BAR_VAL,11:00,16:45,AVE,55.9,Turista
2026-02-05 11:32:55,2026-02-22,Domingo,17,Barcelona,Valladolid,BAR_VAL,06:35,12:23,AVE,56.9,Turista
2026-02-05 11:32:55,2026-02-22,Domingo,17,Barcelona,Valladolid,BAR_VAL,08:00,14:06,AVE,55.9,Turista
2026-02-05 11:32:55,2026-02-22,Domingo,17,Barcelona,Valladolid,BAR_VAL,09:00,14:57,AVE,74.9,Turista
2026-02-05 11:32:55,2026-02-22,Domingo,17,Barcelona,Valladolid,BAR_VAL,09:05,16:58,ALVIA,59.35,Turista
2026-02-05 11:32:55,2026-02-22,Domingo,17,Barcelona,Valladolid,BAR_VAL,09:55,15:45,AVE,74.7,Turista
2026-02-05 11:33:03,2026-02-23,Lunes,18,Barcelona,Valladolid,BAR_VAL,05:40,11:20,AVE,55.9,Turista
2026-02-05 11:33:03,2026-02-23,Lunes,18,Barcelona,Valladolid,BAR_VAL,07:00,12:23,AVE,62.5,Turista
2026-02-05 11:33:03,2026-02-23,Lunes,18,Barcelona,Valladolid,BAR_VAL,07:27,13:10,AVE,67.3,Turista
2026-02-05 11:33:03,2026-02-23,Lunes,18,Barcelona,Valladolid,BAR_VAL,08:25,14:06,AVE,62.5,Turista
2026-02-05 11:33:03,2026-02-23,Lunes,18,Barcelona,Valladolid,BAR_VAL,09:00,14:57,AVE,74.9,Turista
2026-02-05 11:33:11,2026-02-24,Martes,19,Barcelona,Valladolid,BAR_VAL,07:00,12:23,AVE,53.7,Turista
2026-02-05 11:33:11,2026-02-24,Martes,19,Barcelona,Valladolid,BAR_VAL,07:27,13:10,AVE,67.3,Turista
2026-02-05 11:33:11,2026-02-24,Martes,19,Barcelona,Valladolid,BAR_VAL,08:25,14:06,AVE,62.5,Turista
2026-02-05 11:33:11,2026-02-24,Martes,19,Barcelona,Valladolid,BAR_VAL,09:00,14:57,AVE,74.9,Turista
2026-02-05 11:33:11,2026-02-24,Martes,19,Barcelona,Valladolid,BAR_VAL,09:05,16:58,ALVIA,37.1,Turista
2026-02-05 11:33:18,2026-02-25,Miércoles,20,Barcelona,Valladolid,BAR_VAL,07:00,12:23,AVE,53.7,Turista
2026-02-05 11:33:18,2026-02-25,Miércoles,20,Barcelona,Valladolid,BAR_VAL,07:27,13:10,AVE,67.3,Turista
2026-02-05 11:33:18,2026-02-25,Miércoles,20,Barcelona,Valladolid,BAR_VAL,08:25,14:06,AVE,62.5,Turista
2026-02-05 11:33:18,2026-02-25,Miércoles,20,Barcelona,Valladolid,BAR_VAL,09:00,14:57,AVE,74.9,Turista
2026-02-05 11:33:18,2026-02-25,Miércoles,20,Barcelona,Valladolid,BAR_VAL,09:05,16:58,ALVIA,44.5,Turista
2026-02-05 11:33:29,2026-02-26,Jueves,21,Barcelona,Valladolid,BAR_VAL,05:40,11:20,AVE,72.3,Turista
2026-02-05 11:33:29,2026-02-26,Jueves,21,Barcelona,Valladolid,BAR_VAL,07:00,12:23,AVE,53.7,Turista
2026-02-05 11:33:29,2026-02-26,Jueves,21,Barcelona,Valladolid,BAR_VAL,07:27,13:10,AVE,67.3,Turista
2026-02-05 11:33:29,2026-02-26,Jueves,21,Barcelona,Valladolid,BAR_VAL,08:25,14:06,AVE,62.5,Turista
2026-02-05 11:33:29,2026-02-26,Jueves,21,Barcelona,Valladolid,BAR_VAL,09:00,14:57,AVE,74.9,Turista
2026-02-05 11:33:36,2026-02-27,Viernes,22,Barcelona,Valladolid,BAR_VAL,06:35,12:23,AVE,69.3,Turista
2026-02-05 11:33:36,2026-02-27,Viernes,22,Barcelona,Valladolid,BAR_VAL,07:27,13:10,AVE,67.3,Turista
2026-02-05 11:33:36,2026-02-27,Viernes,22,Barcelona,Valladolid,BAR_VAL,08:25,14:06,AVE,66.7,Turista
2026-02-05 11:33:36,2026-02-27,Viernes,22,Barcelona,Valladolid,BAR_VAL,09:00,14:53,AVE,55.9,Turista
2026-02-05 11:33:36,2026-02-27,Viernes,22,Barcelona,Valladolid,BAR_VAL,09:05,16:58,ALVIA,51.95,Turista
2026-02-05 11:33:43,2026-02-28,Sábado,23,Barcelona,Valladolid,BAR_VAL,06:35,12:23,AVE,69.3,Turista
2026-02-05 11:33:43,2026-02-28,Sábado,23,Barcelona,Valladolid,BAR_VAL,09:00,14:57,AVE,74.9,Turista
2026-02-05 11:33:43,2026-02-28,Sábado,23,Barcelona,Valladolid,BAR_VAL,09:05,16:58,ALVIA,44.5,Turista
2026-02-05 11:33:43,2026-02-28,Sábado,23,Barcelona,Valladolid,BAR_VAL,09:55,15:59,AVE,51.7,Turista
2026-02-05 11:33:43,2026-02-28,Sábado,23,Barcelona,Valladolid,BAR_VAL,11:00,16:45,AVE,55.9,Turista
2026-02-05 11:33:51,2026-03-01,Domingo,24,Barcelona,Valladolid,BAR_VAL,06:35,12:23,AVE,51.7,Turista
2026-02-05 11:33:51,2026-03-01,Domingo,24,Barcelona,Valladolid,BAR_VAL,08:00,14:06,AVE,51.7,Turista
2026-02-05 11:33:51,2026-03-01,Domingo,24,Barcelona,Valladolid,BAR_VAL,09:00,14:57,AVE,74.9,Turista
2026-02-05 11:33:51,2026-03-01,Domingo,24,Barcelona,Valladolid,BAR_VAL,09:05,16:58,ALVIA,51.95,Turista
2026-02-05 11:33:51,2026-03-01,Domingo,24,Barcelona,Valladolid,BAR_VAL,09:55,15:45,AVE,74.7,Turista
2026-02-05 11:33:57,2026-03-02,Lunes,25,Barcelona,Valladolid,BAR_VAL,05:50,11:20,AVE,94.1,Turista
2026-02-05 11:33:57,2026-03-02,Lunes,25,Barcelona,Valladolid,BAR_VAL,07:00,12:23,AVE,78.3,Turista
2026-02-05 11:33:57,2026-03-02,Lunes,25,Barcelona,Valladolid,BAR_VAL,07:27,13:10,AVE,80.1,Turista
2026-02-05 11:33:57,2026-03-02,Lunes,25,Barcelona,Valladolid,BAR_VAL,08:25,14:06,AVE,62.5,Turista
2026-02-05 11:33:57,2026-03-02,Lunes,25,Barcelona,Valladolid,BAR_VAL,09:00,14:57,AVE,111.4,Turista
2026-02-05 11:34:04,2026-03-03,Martes,26,Barcelona,Valladolid,BAR_VAL,05:50,11:20,AVE,105.0,Turista
2026-02-05 11:34:04,2026-03-03,Martes,26,Barcelona,Valladolid,BAR_VAL,07:00,12:23,AVE,87.1,Turista
2026-02-05 11:34:04,2026-03-03,Martes,26,Barcelona,Valladolid,BAR_VAL,07:27,13:10,AVE,80.1,Turista
2026-02-05 11:34:04,2026-03-03,Martes,26,Barcelona,Valladolid,BAR_VAL,08:25,14:06,AVE,62.5,Turista
2026-02-05 11:34:04,2026-03-03,Martes,26,Barcelona,Valladolid,BAR_VAL,09:00,14:57,AVE,111.4,Turista
2026-02-05 11:34:12,2026-03-04,Miércoles,27,Barcelona,Valladolid,BAR_VAL,05:50,11:20,AVE,116.0,Turista
2026-02-05 11:34:12,2026-03-04,Miércoles,27,Barcelona,Valladolid,BAR_VAL,07:00,12:23,AVE,78.3,Turista
2026-02-05 11:34:12,2026-03-04,Miércoles,27,Barcelona,Valladolid,BAR_VAL,07:27,13:10,AVE,105.9,Turista
2026-02-05 11:34:12,2026-03-04,Miércoles,27,Barcelona,Valladolid,BAR_VAL,08:25,14:06,AVE,201.9,Turista
2026-02-05 11:34:12,2026-03-04,Miércoles,27,Barcelona,Valladolid,BAR_VAL,09:00,14:57,AVE,90.6,Turista
2026-02-05 11:34:19,2026-03-05,Jueves,28,Barcelona,Valladolid,BAR_VAL,05:50,11:20,AVE,105.0,Turista
2026-02-05 11:34:19,2026-03-05,Jueves,28,Barcelona,Valladolid,BAR_VAL,07:00,12:23,AVE,78.3,Turista
2026-02-05 11:34:19,2026-03-05,Jueves,28,Barcelona,Valladolid,BAR_VAL,07:27,13:10,AVE,93.0,Turista
2026-02-05 11:34:19,2026-03-05,Jueves,28,Barcelona,Valladolid,BAR_VAL,08:25,14:06,AVE,87.1,Turista
2026-02-05 11:34:19,2026-03-05,Jueves,28,Barcelona,Valladolid,BAR_VAL,09:00,14:57,AVE,90.6,Turista
2026-02-05 11:34:26,2026-03-06,Viernes,29,Barcelona,Valladolid,BAR_VAL,05:50,11:20,AVE,72.3,Turista
2026-02-05 11:34:26,2026-03-06,Viernes,29,Barcelona,Valladolid,BAR_VAL,06:35,12:23,AVE,69.0,Turista
2026-02-05 11:34:26,2026-03-06,Viernes,29,Barcelona,Valladolid,BAR_VAL,07:27,13:10,AVE,80.1,Turista
2026-02-05 11:34:26,2026-03-06,Viernes,29,Barcelona,Valladolid,BAR_VAL,08:25,14:06,AVE,87.1,Turista
2026-02-05 11:34:26,2026-03-06,Viernes,29,Barcelona,Valladolid,BAR_VAL,09:00,14:53,AVE,94.1,Turista
2026-02-05 11:34:35,2026-03-07,Sábado,30,Barcelona,Valladolid,BAR_VAL,05:50,11:20,AVE,72.3,Turista
2026-02-05 11:34:35,2026-03-07,Sábado,30,Barcelona,Valladolid,BAR_VAL,06:35,12:23,AVE,79.4,Turista
2026-02-05 11:34:35,2026-03-07,Sábado,30,Barcelona,Valladolid,BAR_VAL,09:00,14:57,AVE,101.0,Turista
2026-02-05 11:34:35,2026-03-07,Sábado,30,Barcelona,Valladolid,BAR_VAL,09:05,16:58,ALVIA,51.95,Turista
2026-02-05 11:34:35,2026-03-07,Sábado,30,Barcelona,Valladolid,BAR_VAL,09:55,15:59,AVE,88.2,Turista
2026-02-05 11:34:41,2026-03-08,Domingo,31,Barcelona,Valladolid,BAR_VAL,06:35,12:23,AVE,69.0,Turista
2026-02-05 11:34:41,2026-03-08,Domingo,31,Barcelona,Valladolid,BAR_VAL,08:00,14:06,AVE,77.8,Turista
2026-02-05 11:34:41,2026-03-08,Domingo,31,Barcelona,Valladolid,BAR_VAL,09:00,14:57,AVE,101.0,Turista
2026-02-05 11:34:41,2026-03-08,Domingo,31,Barcelona,Valladolid,BAR_VAL,09:05,16:58,ALVIA,59.35,Turista
2026-02-05 11:34:47,2026-03-09,Lunes,32,Barcelona,Valladolid,BAR_VAL,05:50,11:20,AVE,83.2,Turista
2026-02-05 11:34:47,2026-03-09,Lunes,32,Barcelona,Valladolid,BAR_VAL,07:00,12:23,AVE,53.7,Turista
2026-02-05 11:34:47,2026-03-09,Lunes,32,Barcelona,Valladolid,BAR_VAL,07:27,13:10,AVE,93.0,Turista
2026-02-05 11:34:47,2026-03-09,Lunes,32,Barcelona,Valladolid,BAR_VAL,08:25,14:06,AVE,62.5,Turista
2026-02-05 11:34:47,2026-03-09,Lunes,32,Barcelona,Valladolid,BAR_VAL,09:00,14:57,AVE,111.4,Turista
2026-02-05 11:34:54,2026-03-10,Martes,33,Barcelona,Valladolid,BAR_VAL,05:50,11:20,AVE,105.0,Turista
2026-02-05 11:34:54,2026-03-10,Martes,33,Barcelona,Valladolid,BAR_VAL,07:00,12:23,AVE,66.0,Turista
2026-02-05 11:34:54,2026-03-10,Martes,33,Barcelona,Valladolid,BAR_VAL,07:27,13:10,AVE,60.9,Turista
2026-02-05 11:34:54,2026-03-10,Martes,33,Barcelona,Valladolid,BAR_VAL,08:25,14:06,AVE,62.5,Turista
2026-02-05 11:34:54,2026-03-10,Martes,33,Barcelona,Valladolid,BAR_VAL,09:00,14:57,AVE,111.4,Turista
2026-02-05 11:35:00,2026-03-11,Miércoles,34,Barcelona,Valladolid,BAR_VAL,05:50,11:20,AVE,105.0,Turista
2026-02-05 11:35:00,2026-03-11,Miércoles,34,Barcelona,Valladolid,BAR_VAL,07:00,12:23,AVE,95.9,Turista
2026-02-05 11:35:00,2026-03-11,Miércoles,34,Barcelona,Valladolid,BAR_VAL,07:27,13:10,AVE,93.0,Turista
2026-02-05 11:35:00,2026-03-11,Miércoles,34,Barcelona,Valladolid,BAR_VAL,08:25,14:06,AVE,201.9,Turista
2026-02-05 11:35:00,2026-03-11,Miércoles,34,Barcelona,Valladolid,BAR_VAL,09:00,14:57,AVE,90.6,Turista
2026-02-05 11:35:08,2026-03-12,Jueves,35,Barcelona,Valladolid,BAR_VAL,05:50,11:20,AVE,105.0,Turista
2026-02-05 11:35:08,2026-03-12,Jueves,35,Barcelona,Valladolid,BAR_VAL,07:00,12:23,AVE,78.3,Turista
2026-02-05 11:35:08,2026-03-12,Jueves,35,Barcelona,Valladolid,BAR_VAL,07:27,13:10,AVE,93.0,Turista
2026-02-05 11:35:08,2026-03-12,Jueves,35,Barcelona,Valladolid,BAR_VAL,08:25,14:06,AVE,87.1,Turista
2026-02-05 11:35:08,2026-03-12,Jueves,35,Barcelona,Valladolid,BAR_VAL,09:00,14:57,AVE,90.6,Turista
2026-02-05 11:35:15,2026-03-13,Viernes,36,Barcelona,Valladolid,BAR_VAL,05:50,11:20,AVE,72.3,Turista
2026-02-05 11:35:15,2026-03-13,Viernes,36,Barcelona,Valladolid,BAR_VAL,06:35,12:23,AVE,77.8,Turista
2026-02-05 11:35:15,2026-03-13,Viernes,36,Barcelona,Valladolid,BAR_VAL,07:27,13:10,AVE,80.1,Turista
2026-02-05 11:35:15,2026-03-13,Viernes,36,Barcelona,Valladolid,BAR_VAL,08:25,14:06,AVE,91.3,Turista
2026-02-05 11:35:15,2026-03-13,Viernes,36,Barcelona,Valladolid,BAR_VAL,09:00,14:53,AVE,94.1,Turista
2026-02-05 11:35:22,2026-03-14,Sábado,37,Barcelona,Valladolid,BAR_VAL,05:50,11:20,AVE,72.3,Turista
2026-02-05 11:35:22,2026-03-14,Sábado,37,Barcelona,Valladolid,BAR_VAL,06:35,12:23,AVE,77.8,Turista
2026-02-05 11:35:22,2026-03-14,Sábado,37,Barcelona,Valladolid,BAR_VAL,09:00,14:57,AVE,90.6,Turista
2026-02-05 11:35:22,2026-03-14,Sábado,37,Barcelona,Valladolid,BAR_VAL,09:05,16:58,ALVIA,51.95,Turista
2026-02-05 11:35:22,2026-03-14,Sábado,37,Barcelona,Valladolid,BAR_VAL,09:55,15:59,AVE,92.4,Turista
2026-02-05 11:35:29,2026-03-15,Domingo,38,Barcelona,Valladolid,BAR_VAL,06:35,12:23,AVE,77.8,Turista
2026-02-05 11:35:29,2026-03-15,Domingo,38,Barcelona,Valladolid,BAR_VAL,08:00,14:06,AVE,88.2,Turista
2026-02-05 11:35:29,2026-03-15,Domingo,38,Barcelona,Valladolid,BAR_VAL,09:00,14:57,AVE,101.0,Turista
2026-02-05 11:35:29,2026-03-15,Domingo,38,Barcelona,Valladolid,BAR_VAL,09:05,16:58,ALVIA,59.35,Turista
2026-02-05 11:35:29,2026-03-15,Domingo,38,Barcelona,Valladolid,BAR_VAL,09:55,15:45,AVE,100.8,Turista
2026-02-05 11:35:35,2026-03-16,Lunes,39,Barcelona,Valladolid,BAR_VAL,05:50,11:20,AVE,116.0,Turista
2026-02-05 11:35:35,2026-03-16,Lunes,39,Barcelona,Valladolid,BAR_VAL,07:00,12:23,AVE,145.2,Turista
2026-02-05 11:35:35,2026-03-16,Lunes,39,Barcelona,Valladolid,BAR_VAL,07:27,13:10,AVE,80.1,Turista
2026-02-05 11:35:35,2026-03-16,Lunes,39,Barcelona,Valladolid,BAR_VAL,08:25,14:06,AVE,74.8,Turista
2026-02-05 11:35:35,2026-03-16,Lunes,39,Barcelona,Valladolid,BAR_VAL,09:00,14:57,AVE,121.8,Turista
2026-02-05 11:35:42,2026-03-17,Martes,40,Barcelona,Valladolid,BAR_VAL,05:50,11:20,AVE,105.0,Turista
2026-02-05 11:35:42,2026-03-17,Martes,40,Barcelona,Valladolid,BAR_VAL,07:00,12:23,AVE,90.6,Turista
2026-02-05 11:35:42,2026-03-17,Martes,40,Barcelona,Valladolid,BAR_VAL,07:27,13:10,AVE,80.1,Turista
2026-02-05 11:35:42,2026-03-17,Martes,40,Barcelona,Valladolid,BAR_VAL,08:25,14:06,AVE,99.4,Turista
2026-02-05 11:35:42,2026-03-17,Martes,40,Barcelona,Valladolid,BAR_VAL,09:00,14:57,AVE,111.4,Turista
2026-02-05 11:35:49,2026-03-18,Miércoles,41,Barcelona,Valladolid,BAR_VAL,05:50,11:20,AVE,105.0,Turista
2026-02-05 11:35:49,2026-03-18,Miércoles,41,Barcelona,Valladolid,BAR_VAL,07:00,12:23,AVE,90.6,Turista
2026-02-05 11:35:49,2026-03-18,Miércoles,41,Barcelona,Valladolid,BAR_VAL,07:27,13:10,AVE,93.0,Turista
2026-02-05 11:35:49,2026-03-18,Miércoles,41,Barcelona,Valladolid,BAR_VAL,08:25,14:06,AVE,201.9,Turista
2026-02-05 11:35:49,2026-03-18,Miércoles,41,Barcelona,Valladolid,BAR_VAL,09:00,14:57,AVE,111.4,Turista
2026-02-05 11:35:55,2026-03-19,Jueves,42,Barcelona,Valladolid,BAR_VAL,05:50,11:20,AVE,105.0,Turista
2026-02-05 11:35:55,2026-03-19,Jueves,42,Barcelona,Valladolid,BAR_VAL,07:00,12:23,AVE,83.6,Turista
2026-02-05 11:35:55,2026-03-19,Jueves,42,Barcelona,Valladolid,BAR_VAL,07:27,13:10,AVE,93.0,Turista
2026-02-05 11:35:55,2026-03-19,Jueves,42,Barcelona,Valladolid,BAR_VAL,08:25,14:06,AVE,99.4,Turista
2026-02-05 11:35:55,2026-03-19,Jueves,42,Barcelona,Valladolid,BAR_VAL,09:00,14:57,AVE,111.4,Turista
2026-02-05 11:36:02,2026-03-20,Viernes,43,Barcelona,Valladolid,BAR_VAL,05:50,11:20,AVE,83.2,Turista
2026-02-05 11:36:02,2026-03-20,Viernes,43,Barcelona,Valladolid,BAR_VAL,06:35,12:23,AVE,77.8,Turista
2026-02-05 11:36:02,2026-03-20,Viernes,43,Barcelona,Valladolid,BAR_VAL,07:27,13:10,AVE,80.1,Turista
2026-02-05 11:36:02,2026-03-20,Viernes,43,Barcelona,Valladolid,BAR_VAL,08:25,14:06,AVE,87.1,Turista
2026-02-05 11:36:02,2026-03-20,Viernes,43,Barcelona,Valladolid,BAR_VAL,09:00,14:53,AVE,105.0,Turista
2026-02-05 11:36:08,2026-03-21,Sábado,44,Barcelona,Valladolid,BAR_VAL,05:50,11:20,AVE,94.1,Turista
2026-02-05 11:36:08,2026-03-21,Sábado,44,Barcelona,Valladolid,BAR_VAL,06:35,12:23,AVE,89.8,Turista
2026-02-05 11:36:08,2026-03-21,Sábado,44,Barcelona,Valladolid,BAR_VAL,09:00,14:57,AVE,111.4,Turista
2026-02-05 11:36:08,2026-03-21,Sábado,44,Barcelona,Valladolid,BAR_VAL,09:05,16:58,ALVIA,51.95,Turista
2026-02-05 11:36:08,2026-03-21,Sábado,44,Barcelona,Valladolid,BAR_VAL,09:55,15:59,AVE,88.2,Turista
2026-02-05 11:36:15,2026-03-22,Domingo,45,Barcelona,Valladolid,BAR_VAL,06:35,12:23,AVE,69.0,Turista
2026-02-05 11:36:15,2026-03-22,Domingo,45,Barcelona,Valladolid,BAR_VAL,08:00,14:06,AVE,98.6,Turista
2026-02-05 11:36:15,2026-03-22,Domingo,45,Barcelona,Valladolid,BAR_VAL,09:00,14:57,AVE,111.4,Turista
2026-02-05 11:36:15,2026-03-22,Domingo,45,Barcelona,Valladolid,BAR_VAL,09:05,16:58,ALVIA,66.8,Turista
2026-02-05 11:36:15,2026-03-22,Domingo,45,Barcelona,Valladolid,BAR_VAL,09:55,15:45,AVE,100.8,Turista
2026-02-05 11:36:22,2026-03-23,Lunes,46,Barcelona,Valladolid,BAR_VAL,05:50,11:20,AVE,116.0,Turista
2026-02-05 11:36:22,2026-03-23,Lunes,46,Barcelona,Valladolid,BAR_VAL,07:00,12:23,AVE,145.2,Turista
2026-02-05 11:36:22,2026-03-23,Lunes,46,Barcelona,Valladolid,BAR_VAL,07:27,13:10,AVE,93.0,Turista
2026-02-05 11:36:22,2026-03-23,Lunes,46,Barcelona,Valladolid,BAR_VAL,08:25,14:06,AVE,99.4,Turista
2026-02-05 11:36:22,2026-03-23,Lunes,46,Barcelona,Valladolid,BAR_VAL,09:00,14:57,AVE,142.7,Turista
2026-02-05 11:36:27,2026-03-24,Martes,47,Barcelona,Valladolid,BAR_VAL,05:50,11:20,AVE,126.9,Turista
2026-02-05 11:36:27,2026-03-24,Martes,47,Barcelona,Valladolid,BAR_VAL,07:00,12:23,AVE,131.9,Turista
2026-02-05 11:36:27,2026-03-24,Martes,47,Barcelona,Valladolid,BAR_VAL,07:27,13:10,AVE,93.0,Turista
2026-02-05 11:36:27,2026-03-24,Martes,47,Barcelona,Valladolid,BAR_VAL,08:25,14:06,AVE,99.4,Turista
2026-02-05 11:36:27,2026-03-24,Martes,47,Barcelona,Valladolid,BAR_VAL,09:00,14:57,AVE,121.8,Turista
2026-02-05 11:36:33,2026-03-25,Miércoles,48,Barcelona,Valladolid,BAR_VAL,05:50,11:20,AVE,105.0,Turista
2026-02-05 11:36:33,2026-03-25,Miércoles,48,Barcelona,Valladolid,BAR_VAL,07:00,12:23,AVE,120.6,Turista
2026-02-05 11:36:33,2026-03-25,Miércoles,48,Barcelona,Valladolid,BAR_VAL,07:27,13:10,AVE,93.0,Turista
2026-02-05 11:36:33,2026-03-25,Miércoles,48,Barcelona,Valladolid,BAR_VAL,08:25,14:06,AVE,201.9,Turista
2026-02-05 11:36:33,2026-03-25,Miércoles,48,Barcelona,Valladolid,BAR_VAL,09:00,14:57,AVE,121.8,Turista
2026-02-05 11:36:40,2026-03-26,Jueves,49,Barcelona,Valladolid,BAR_VAL,05:50,11:20,AVE,105.0,Turista
2026-02-05 11:36:40,2026-03-26,Jueves,49,Barcelona,Valladolid,BAR_VAL,07:00,12:23,AVE,92.4,Turista
2026-02-05 11:36:40,2026-03-26,Jueves,49,Barcelona,Valladolid,BAR_VAL,07:27,13:10,AVE,80.1,Turista
2026-02-05 11:36:40,2026-03-26,Jueves,49,Barcelona,Valladolid,BAR_VAL,08:25,14:06,AVE,87.1,Turista
2026-02-05 11:36:40,2026-03-26,Jueves,49,Barcelona,Valladolid,BAR_VAL,09:00,14:57,AVE,111.4,Turista
2026-02-05 11:36:46,2026-03-27,Viernes,50,Barcelona,Valladolid,BAR_VAL,05:50,11:20,AVE,83.2,Turista
2026-02-05 11:36:46,2026-03-27,Viernes,50,Barcelona,Valladolid,BAR_VAL,06:35,12:23,AVE,113.0,Turista
2026-02-05 11:36:46,2026-03-27,Viernes,50,Barcelona,Valladolid,BAR_VAL,07:27,13:10,AVE,93.0,Turista
2026-02-05 11:36:46,2026-03-27,Viernes,50,Barcelona,Valladolid,BAR_VAL,08:25,14:06,AVE,87.5,Turista
2026-02-05 11:36:46,2026-03-27,Viernes,50,Barcelona,Valladolid,BAR_VAL,09:00,14:53,AVE,94.1,Turista
2026-02-05 11:36:53,2026-03-28,Sábado,51,Barcelona,Valladolid,BAR_VAL,05:50,11:20,AVE,105.0,Turista
2026-02-05 11:36:53,2026-03-28,Sábado,51,Barcelona,Valladolid,BAR_VAL,06:35,12:23,AVE,133.8,Turista
2026-02-05 11:36:53,2026-03-28,Sábado,51,Barcelona,Valladolid,BAR_VAL,09:00,14:57,AVE,121.8,Turista
2026-02-05 11:36:53,2026-03-28,Sábado,51,Barcelona,Valladolid,BAR_VAL,09:05,16:58,ALVIA,66.8,Turista
2026-02-05 11:36:53,2026-03-28,Sábado,51,Barcelona,Valladolid,BAR_VAL,09:55,15:59,AVE,115.6,Turista
2026-02-05 11:36:59,2026-03-29,Domingo,52,Barcelona,Valladolid,BAR_VAL,06:35,12:23,AVE,83.0,Turista
2026-02-05 11:36:59,2026-03-29,Domingo,52,Barcelona,Valladolid,BAR_VAL,08:00,14:06,AVE,96.7,Turista
2026-02-05 11:36:59,2026-03-29,Domingo,52,Barcelona,Valladolid,BAR_VAL,09:00,14:57,AVE,101.0,Turista
2026-02-05 11:36:59,2026-03-29,Domingo,52,Barcelona,Valladolid,BAR_VAL,09:05,16:58,ALVIA,66.8,Turista
2026-02-05 11:36:59,2026-03-29,Domingo,52,Barcelona,Valladolid,BAR_VAL,09:55,15:45,AVE,100.8,Turista
2026-02-05 11:37:06,2026-03-30,Lunes,53,Barcelona,Valladolid,BAR_VAL,05:50,11:20,AVE,116.0,Turista
2026-02-05 11:37:06,2026-03-30,Lunes,53,Barcelona,Valladolid,BAR_VAL,06:35,12:23,AVE,104.2,Turista
2026-02-05 11:37:06,2026-03-30,Lunes,53,Barcelona,Valladolid,BAR_VAL,07:27,13:10,AVE,67.3,Turista
2026-02-05 11:37:06,2026-03-30,Lunes,53,Barcelona,Valladolid,BAR_VAL,08:25,14:06,AVE,83.3,Turista
2026-02-05 11:37:06,2026-03-30,Lunes,53,Barcelona,Valladolid,BAR_VAL,09:00,14:57,AVE,111.4,Turista
2026-02-05 11:37:11,2026-03-31,Martes,54,Barcelona,Valladolid,BAR_VAL,05:50,11:20,AVE,105.0,Turista
2026-02-05 11:37:11,2026-03-31,Martes,54,Barcelona,Valladolid,BAR_VAL,06:35,12:23,AVE,88.2,Turista
2026-02-05 11:37:11,2026-03-31,Martes,54,Barcelona,Valladolid,BAR_VAL,08:25,14:06,AVE,91.3,Turista
2026-02-05 11:37:11,2026-03-31,Martes,54,Barcelona,Valladolid,BAR_VAL,09:00,14:57,AVE,121.8,Turista
2026-02-05 11:37:11,2026-03-31,Martes,54,Barcelona,Valladolid,BAR_VAL,09:05,16:58,ALVIA,44.5,Turista
2026-02-05 11:37:17,2026-04-01,Miércoles,55,Barcelona,Valladolid,BAR_VAL,05:50,11:20,AVE,105.0,Turista
2026-02-05 11:37:17,2026-04-01,Miércoles,55,Barcelona,Valladolid,BAR_VAL,06:35,12:23,AVE,97.0,Turista
2026-02-05 11:37:17,2026-04-01,Miércoles,55,Barcelona,Valladolid,BAR_VAL,08:25,14:06,AVE,116.4,Turista
2026-02-05 11:37:17,2026-04-01,Miércoles,55,Barcelona,Valladolid,BAR_VAL,09:00,14:53,AVE,116.0,Turista
2026-02-05 11:37:17,2026-04-01,Miércoles,55,Barcelona,Valladolid,BAR_VAL,09:55,15:45,AVE,132.1,Turista
2026-02-05 11:37:22,2026-04-02,Jueves,56,Barcelona,Valladolid,BAR_VAL,05:50,11:20,AVE,94.1,Turista
2026-02-05 11:37:22,2026-04-02,Jueves,56,Barcelona,Valladolid,BAR_VAL,06:35,12:23,AVE,116.2,Turista
2026-02-05 11:37:22,2026-04-02,Jueves,56,Barcelona,Valladolid,BAR_VAL,08:25,14:06,AVE,116.4,Turista
2026-02-05 11:37:22,2026-04-02,Jueves,56,Barcelona,Valladolid,BAR_VAL,09:00,14:57,AVE,132.3,Turista
2026-02-05 11:37:22,2026-04-02,Jueves,56,Barcelona,Valladolid,BAR_VAL,09:55,15:45,AVE,142.5,Turista
2026-02-05 11:37:28,2026-02-06,Viernes,1,Valladolid,Barcelona,VAL_BAR,06:45,12:06,AVANT,67.3,Turista
2026-02-05 11:37:28,2026-02-06,Viernes,1,Valladolid,Barcelona,VAL_BAR,07:18,13:04,AVE,60.2,Turista
2026-02-05 11:37:28,2026-02-06,Viernes,1,Valladolid,Barcelona,VAL_BAR,07:55,13:44,AVANT,55.9,Turista
2026-02-05 11:37:28,2026-02-06,Viernes,1,Valladolid,Barcelona,VAL_BAR,08:33,16:09,MD,50.3,Turista
2026-02-05 11:37:28,2026-02-06,Viernes,1,Valladolid,Barcelona,VAL_BAR,08:57,15:11,Intercit,53.9,Turista
2026-02-05 11:37:35,2026-02-07,Sábado,2,Valladolid,Barcelona,VAL_BAR,07:18,13:04,AVE,60.2,Turista
2026-02-05 11:37:35,2026-02-07,Sábado,2,Valladolid,Barcelona,VAL_BAR,07:55,13:44,AVANT,55.9,Turista
2026-02-05 11:37:35,2026-02-07,Sábado,2,Valladolid,Barcelona,VAL_BAR,08:48,16:19,MD,55.8,Turista
2026-02-05 11:37:35,2026-02-07,Sábado,2,Valladolid,Barcelona,VAL_BAR,09:57,16:09,AVANT,55.9,Turista
2026-02-05 11:37:35,2026-02-07,Sábado,2,Valladolid,Barcelona,VAL_BAR,10:51,16:19,AVE,86.6,Turista
2026-02-05 11:37:44,2026-02-08,Domingo,3,Valladolid,Barcelona,VAL_BAR,07:55,13:44,AVANT,55.9,Turista
2026-02-05 11:37:44,2026-02-08,Domingo,3,Valladolid,Barcelona,VAL_BAR,08:48,16:19,MD,55.8,Turista
2026-02-05 11:37:44,2026-02-08,Domingo,3,Valladolid,Barcelona,VAL_BAR,10:51,16:19,AVE,86.6,Turista
2026-02-05 11:37:44,2026-02-08,Domingo,3,Valladolid,Barcelona,VAL_BAR,11:50,16:59,ALVIA,68.3,Turista
2026-02-05 11:37:44,2026-02-08,Domingo,3,Valladolid,Barcelona,VAL_BAR,12:45,18:59,ALVIA,81.9,Turista
2026-02-05 11:37:52,2026-02-09,Lunes,4,Valladolid,Barcelona,VAL_BAR,07:55,13:44,AVANT,55.9,Turista
2026-02-05 11:37:52,2026-02-09,Lunes,4,Valladolid,Barcelona,VAL_BAR,08:33,16:19,MD,55.8,Turista
2026-02-05 11:37:52,2026-02-09,Lunes,4,Valladolid,Barcelona,VAL_BAR,10:22,16:19,ALVIA,61.4,Turista
2026-02-05 11:38:01,2026-02-10,Martes,5,Valladolid,Barcelona,VAL_BAR,07:55,13:44,AVANT,55.9,Turista
2026-02-05 11:38:01,2026-02-10,Martes,5,Valladolid,Barcelona,VAL_BAR,08:33,16:19,MD,50.3,Turista
2026-02-05 11:38:01,2026-02-10,Martes,5,Valladolid,Barcelona,VAL_BAR,10:22,16:19,ALVIA,44.9,Turista
2026-02-05 11:38:07,2026-02-11,Miércoles,6,Valladolid,Barcelona,VAL_BAR,07:55,13:44,AVANT,55.9,Turista
2026-02-05 11:38:07,2026-02-11,Miércoles,6,Valladolid,Barcelona,VAL_BAR,08:33,16:19,MD,55.8,Turista
2026-02-05 11:38:07,2026-02-11,Miércoles,6,Valladolid,Barcelona,VAL_BAR,10:22,16:19,ALVIA,50.1,Turista
2026-02-05 11:38:14,2026-02-12,Jueves,7,Valladolid,Barcelona,VAL_BAR,06:45,12:06,AVANT,60.9,Turista
2026-02-05 11:38:14,2026-02-12,Jueves,7,Valladolid,Barcelona,VAL_BAR,07:18,13:04,AVE,60.2,Turista
2026-02-05 11:38:14,2026-02-12,Jueves,7,Valladolid,Barcelona,VAL_BAR,07:55,13:44,AVANT,55.9,Turista
2026-02-05 11:38:14,2026-02-12,Jueves,7,Valladolid,Barcelona,VAL_BAR,08:33,16:09,MD,50.3,Turista
2026-02-05 11:38:14,2026-02-12,Jueves,7,Valladolid,Barcelona,VAL_BAR,08:57,15:11,Intercit,47.0,Turista
2026-02-05 11:38:20,2026-02-13,Viernes,8,Valladolid,Barcelona,VAL_BAR,06:45,12:06,AVANT,67.3,Turista
2026-02-05 11:38:20,2026-02-13,Viernes,8,Valladolid,Barcelona,VAL_BAR,07:18,13:04,AVE,60.2,Turista
2026-02-05 11:38:20,2026-02-13,Viernes,8,Valladolid,Barcelona,VAL_BAR,07:55,13:44,AVANT,55.9,Turista
2026-02-05 11:38:20,2026-02-13,Viernes,8,Valladolid,Barcelona,VAL_BAR,08:33,16:09,MD,55.8,Turista
2026-02-05 11:38:20,2026-02-13,Viernes,8,Valladolid,Barcelona,VAL_BAR,08:57,15:11,Intercit,50.4,Turista
2026-02-05 11:38:28,2026-02-14,Sábado,9,Valladolid,Barcelona,VAL_BAR,07:18,13:04,AVE,60.2,Turista
2026-02-05 11:38:28,2026-02-14,Sábado,9,Valladolid,Barcelona,VAL_BAR,07:55,13:44,AVANT,55.9,Turista
2026-02-05 11:38:28,2026-02-14,Sábado,9,Valladolid,Barcelona,VAL_BAR,08:48,16:19,MD,55.8,Turista
2026-02-05 11:38:28,2026-02-14,Sábado,9,Valladolid,Barcelona,VAL_BAR,09:57,16:09,AVANT,55.9,Turista
2026-02-05 11:38:28,2026-02-14,Sábado,9,Valladolid,Barcelona,VAL_BAR,10:51,16:19,AVE,86.6,Turista
2026-02-05 11:38:34,2026-02-15,Domingo,10,Valladolid,Barcelona,VAL_BAR,07:55,13:44,AVANT,55.9,Turista
2026-02-05 11:38:34,2026-02-15,Domingo,10,Valladolid,Barcelona,VAL_BAR,08:48,16:19,MD,55.8,Turista
2026-02-05 11:38:34,2026-02-15,Domingo,10,Valladolid,Barcelona,VAL_BAR,09:57,16:09,AVANT,55.9,Turista
2026-02-05 11:38:34,2026-02-15,Domingo,10,Valladolid,Barcelona,VAL_BAR,10:51,16:19,AVE,86.6,Turista
2026-02-05 11:38:34,2026-02-15,Domingo,10,Valladolid,Barcelona,VAL_BAR,11:50,16:59,ALVIA,83.3,Turista
2026-02-05 11:38:41,2026-02-16,Lunes,11,Valladolid,Barcelona,VAL_BAR,06:45,12:06,AVANT,67.3,Turista
2026-02-05 11:38:41,2026-02-16,Lunes,11,Valladolid,Barcelona,VAL_BAR,07:55,13:44,AVANT,55.9,Turista
2026-02-05 11:38:41,2026-02-16,Lunes,11,Valladolid,Barcelona,VAL_BAR,08:33,16:19,MD,55.8,Turista
2026-02-05 11:38:41,2026-02-16,Lunes,11,Valladolid,Barcelona,VAL_BAR,08:33,16:09,MD,50.3,Turista
2026-02-05 11:38:41,2026-02-16,Lunes,11,Valladolid,Barcelona,VAL_BAR,08:57,15:11,Intercit,47.0,Turista
2026-02-05 11:38:47,2026-02-17,Martes,12,Valladolid,Barcelona,VAL_BAR,06:45,12:06,AVANT,60.9,Turista
2026-02-05 11:38:47,2026-02-17,Martes,12,Valladolid,Barcelona,VAL_BAR,07:55,13:44,AVANT,55.9,Turista
2026-02-05 11:38:47,2026-02-17,Martes,12,Valladolid,Barcelona,VAL_BAR,08:33,16:09,MD,50.3,Turista
2026-02-05 11:38:47,2026-02-17,Martes,12,Valladolid,Barcelona,VAL_BAR,08:33,16:19,MD,50.3,Turista
2026-02-05 11:38:47,2026-02-17,Martes,12,Valladolid,Barcelona,VAL_BAR,08:57,15:11,Intercit,43.5,Turista
2026-02-05 11:38:53,2026-02-18,Miércoles,13,Valladolid,Barcelona,VAL_BAR,06:45,12:06,AVANT,60.9,Turista
2026-02-05 11:38:53,2026-02-18,Miércoles,13,Valladolid,Barcelona,VAL_BAR,07:55,13:44,AVANT,55.9,Turista
2026-02-05 11:38:53,2026-02-18,Miércoles,13,Valladolid,Barcelona,VAL_BAR,08:33,16:09,MD,50.3,Turista
2026-02-05 11:38:53,2026-02-18,Miércoles,13,Valladolid,Barcelona,VAL_BAR,08:33,16:19,MD,55.8,Turista
2026-02-05 11:38:53,2026-02-18,Miércoles,13,Valladolid,Barcelona,VAL_BAR,08:57,15:11,Intercit,43.5,Turista
2026-02-05 11:39:04,2026-02-19,Jueves,14,Valladolid,Barcelona,VAL_BAR,06:45,12:06,AVANT,60.9,Turista
2026-02-05 11:39:04,2026-02-19,Jueves,14,Valladolid,Barcelona,VAL_BAR,07:55,13:44,AVANT,55.9,Turista
2026-02-05 11:39:04,2026-02-19,Jueves,14,Valladolid,Barcelona,VAL_BAR,08:33,16:09,MD,50.3,Turista
2026-02-05 11:39:04,2026-02-19,Jueves,14,Valladolid,Barcelona,VAL_BAR,08:33,16:19,MD,55.8,Turista
2026-02-05 11:39:04,2026-02-19,Jueves,14,Valladolid,Barcelona,VAL_BAR,08:57,15:11,Intercit,47.0,Turista
2026-02-05 11:39:18,2026-02-20,Viernes,15,Valladolid,Barcelona,VAL_BAR,06:45,12:06,AVANT,67.3,Turista
2026-02-05 11:39:18,2026-02-20,Viernes,15,Valladolid,Barcelona,VAL_BAR,07:55,13:44,AVANT,55.9,Turista
2026-02-05 11:39:18,2026-02-20,Viernes,15,Valladolid,Barcelona,VAL_BAR,08:33,16:09,MD,50.3,Turista
2026-02-05 11:39:18,2026-02-20,Viernes,15,Valladolid,Barcelona,VAL_BAR,08:33,16:19,MD,55.8,Turista
2026-02-05 11:39:18,2026-02-20,Viernes,15,Valladolid,Barcelona,VAL_BAR,08:57,15:11,Intercit,47.0,Turista
2026-02-05 11:39:30,2026-02-21,Sábado,16,Valladolid,Barcelona,VAL_BAR,07:55,13:44,AVANT,55.9,Turista
2026-02-05 11:39:30,2026-02-21,Sábado,16,Valladolid,Barcelona,VAL_BAR,08:48,16:19,MD,50.3,Turista
2026-02-05 11:39:30,2026-02-21,Sábado,16,Valladolid,Barcelona,VAL_BAR,09:57,16:09,AVANT,55.9,Turista
2026-02-05 11:39:30,2026-02-21,Sábado,16,Valladolid,Barcelona,VAL_BAR,10:51,16:19,AVE,81.4,Turista
2026-02-05 11:39:30,2026-02-21,Sábado,16,Valladolid,Barcelona,VAL_BAR,12:45,19:14,ALVIA,48.6,Turista
2026-02-05 11:39:41,2026-02-22,Domingo,17,Valladolid,Barcelona,VAL_BAR,07:55,13:44,AVANT,55.9,Turista
2026-02-05 11:39:41,2026-02-22,Domingo,17,Valladolid,Barcelona,VAL_BAR,08:48,16:19,MD,55.8,Turista
2026-02-05 11:39:41,2026-02-22,Domingo,17,Valladolid,Barcelona,VAL_BAR,09:57,16:09,AVANT,65.0,Turista
2026-02-05 11:39:41,2026-02-22,Domingo,17,Valladolid,Barcelona,VAL_BAR,10:51,16:19,AVE,86.6,Turista
2026-02-05 11:39:41,2026-02-22,Domingo,17,Valladolid,Barcelona,VAL_BAR,11:50,16:59,ALVIA,89.5,Turista
2026-02-05 11:39:54,2026-02-23,Lunes,18,Valladolid,Barcelona,VAL_BAR,06:45,12:06,AVANT,67.3,Turista
2026-02-05 11:39:54,2026-02-23,Lunes,18,Valladolid,Barcelona,VAL_BAR,07:55,13:44,AVANT,55.9,Turista
2026-02-05 11:39:54,2026-02-23,Lunes,18,Valladolid,Barcelona,VAL_BAR,08:33,16:09,MD,50.3,Turista
2026-02-05 11:39:54,2026-02-23,Lunes,18,Valladolid,Barcelona,VAL_BAR,08:33,16:19,MD,50.3,Turista
2026-02-05 11:39:54,2026-02-23,Lunes,18,Valladolid,Barcelona,VAL_BAR,08:57,15:11,Intercit,52.2,Turista
2026-02-05 11:40:08,2026-02-24,Martes,19,Valladolid,Barcelona,VAL_BAR,06:45,12:06,AVANT,60.9,Turista
2026-02-05 11:40:08,2026-02-24,Martes,19,Valladolid,Barcelona,VAL_BAR,07:55,13:44,AVANT,55.9,Turista
2026-02-05 11:40:08,2026-02-24,Martes,19,Valladolid,Barcelona,VAL_BAR,08:33,16:09,MD,50.3,Turista
2026-02-05 11:40:08,2026-02-24,Martes,19,Valladolid,Barcelona,VAL_BAR,08:33,16:19,MD,50.3,Turista
2026-02-05 11:40:08,2026-02-24,Martes,19,Valladolid,Barcelona,VAL_BAR,08:57,15:11,Intercit,40.0,Turista
2026-02-05 11:40:23,2026-02-25,Miércoles,20,Valladolid,Barcelona,VAL_BAR,06:45,12:06,AVANT,67.3,Turista
2026-02-05 11:40:23,2026-02-25,Miércoles,20,Valladolid,Barcelona,VAL_BAR,07:55,13:44,AVANT,55.9,Turista
2026-02-05 11:40:23,2026-02-25,Miércoles,20,Valladolid,Barcelona,VAL_BAR,08:33,16:09,MD,50.3,Turista
2026-02-05 11:40:23,2026-02-25,Miércoles,20,Valladolid,Barcelona,VAL_BAR,08:33,16:19,MD,55.8,Turista
2026-02-05 11:40:23,2026-02-25,Miércoles,20,Valladolid,Barcelona,VAL_BAR,08:57,15:11,Intercit,48.7,Turista
2026-02-05 11:40:34,2026-02-26,Jueves,21,Valladolid,Barcelona,VAL_BAR,06:45,12:06,AVANT,67.3,Turista
2026-02-05 11:40:34,2026-02-26,Jueves,21,Valladolid,Barcelona,VAL_BAR,07:55,13:44,AVANT,55.9,Turista
2026-02-05 11:40:34,2026-02-26,Jueves,21,Valladolid,Barcelona,VAL_BAR,08:57,15:11,Intercit,40.0,Turista
2026-02-05 11:40:40,2026-02-27,Viernes,22,Valladolid,Barcelona,VAL_BAR,06:45,12:06,AVANT,67.3,Turista
2026-02-05 11:40:40,2026-02-27,Viernes,22,Valladolid,Barcelona,VAL_BAR,07:55,13:44,AVANT,55.9,Turista
2026-02-05 11:40:40,2026-02-27,Viernes,22,Valladolid,Barcelona,VAL_BAR,08:57,15:11,Intercit,43.5,Turista
2026-02-05 11:40:50,2026-02-28,Sábado,23,Valladolid,Barcelona,VAL_BAR,07:55,13:44,AVANT,55.9,Turista
2026-02-05 11:40:50,2026-02-28,Sábado,23,Valladolid,Barcelona,VAL_BAR,09:57,16:09,AVANT,55.9,Turista
2026-02-05 11:40:50,2026-02-28,Sábado,23,Valladolid,Barcelona,VAL_BAR,10:51,16:19,AVE,86.6,Turista
2026-02-05 11:40:50,2026-02-28,Sábado,23,Valladolid,Barcelona,VAL_BAR,12:45,19:14,ALVIA,48.6,Turista
2026-02-05 11:41:00,2026-03-01,Domingo,24,Valladolid,Barcelona,VAL_BAR,07:55,13:44,AVANT,55.9,Turista
2026-02-05 11:41:00,2026-03-01,Domingo,24,Valladolid,Barcelona,VAL_BAR,09:57,15:44,AVANT,55.9,Turista
2026-02-05 11:41:00,2026-03-01,Domingo,24,Valladolid,Barcelona,VAL_BAR,10:51,16:19,AVE,86.6,Turista
2026-02-05 11:41:00,2026-03-01,Domingo,24,Valladolid,Barcelona,VAL_BAR,11:50,16:59,ALVIA,67.0,Turista
2026-02-05 11:41:00,2026-03-01,Domingo,24,Valladolid,Barcelona,VAL_BAR,12:45,18:59,ALVIA,59.4,Turista
2026-02-05 11:41:07,2026-03-02,Lunes,25,Valladolid,Barcelona,VAL_BAR,06:45,12:06,AVANT,80.1,Turista
2026-02-05 11:41:07,2026-03-02,Lunes,25,Valladolid,Barcelona,VAL_BAR,07:18,12:41,AVE,96.7,Turista
2026-02-05 11:41:07,2026-03-02,Lunes,25,Valladolid,Barcelona,VAL_BAR,07:55,13:44,AVANT,105.0,Turista
2026-02-05 11:41:07,2026-03-02,Lunes,25,Valladolid,Barcelona,VAL_BAR,08:57,15:11,Intercit,66.1,Turista
2026-02-05 11:41:19,2026-03-03,Martes,26,Valladolid,Barcelona,VAL_BAR,06:45,12:06,AVANT,80.1,Turista
2026-02-05 11:41:19,2026-03-03,Martes,26,Valladolid,Barcelona,VAL_BAR,07:18,12:41,AVE,86.2,Turista
2026-02-05 11:41:19,2026-03-03,Martes,26,Valladolid,Barcelona,VAL_BAR,07:55,13:44,AVANT,83.2,Turista
2026-02-05 11:41:19,2026-03-03,Martes,26,Valladolid,Barcelona,VAL_BAR,08:57,15:11,Intercit,45.2,Turista
2026-02-05 11:41:28,2026-03-04,Miércoles,27,Valladolid,Barcelona,VAL_BAR,06:45,12:06,AVANT,80.1,Turista
2026-02-05 11:41:28,2026-03-04,Miércoles,27,Valladolid,Barcelona,VAL_BAR,07:18,12:41,AVE,86.2,Turista
2026-02-05 11:41:28,2026-03-04,Miércoles,27,Valladolid,Barcelona,VAL_BAR,07:55,13:44,AVANT,94.1,Turista
2026-02-05 11:41:28,2026-03-04,Miércoles,27,Valladolid,Barcelona,VAL_BAR,08:57,15:11,Intercit,55.7,Turista
2026-02-05 11:41:41,2026-03-05,Jueves,28,Valladolid,Barcelona,VAL_BAR,06:45,12:06,AVANT,80.1,Turista
2026-02-05 11:41:41,2026-03-05,Jueves,28,Valladolid,Barcelona,VAL_BAR,07:18,12:41,AVE,86.2,Turista
2026-02-05 11:41:41,2026-03-05,Jueves,28,Valladolid,Barcelona,VAL_BAR,07:55,13:44,AVANT,83.2,Turista
2026-02-05 11:41:41,2026-03-05,Jueves,28,Valladolid,Barcelona,VAL_BAR,08:57,15:11,Intercit,66.1,Turista
2026-02-05 11:41:47,2026-03-06,Viernes,29,Valladolid,Barcelona,VAL_BAR,06:45,12:06,AVANT,80.1,Turista
2026-02-05 11:41:47,2026-03-06,Viernes,29,Valladolid,Barcelona,VAL_BAR,07:18,12:41,AVE,96.7,Turista
2026-02-05 11:41:47,2026-03-06,Viernes,29,Valladolid,Barcelona,VAL_BAR,07:55,13:44,AVANT,83.2,Turista
2026-02-05 11:41:47,2026-03-06,Viernes,29,Valladolid,Barcelona,VAL_BAR,08:57,15:11,Intercit,55.7,Turista
2026-02-05 11:42:01,2026-03-07,Sábado,30,Valladolid,Barcelona,VAL_BAR,07:18,12:41,AVE,96.7,Turista
2026-02-05 11:42:01,2026-03-07,Sábado,30,Valladolid,Barcelona,VAL_BAR,07:55,13:44,AVANT,105.0,Turista
2026-02-05 11:42:01,2026-03-07,Sábado,30,Valladolid,Barcelona,VAL_BAR,09:57,15:44,AVANT,94.1,Turista
2026-02-05 11:42:01,2026-03-07,Sábado,30,Valladolid,Barcelona,VAL_BAR,10:51,16:19,AVE,117.9,Turista
2026-02-05 11:42:11,2026-03-08,Domingo,31,Valladolid,Barcelona,VAL_BAR,07:55,13:44,AVANT,72.3,Turista
2026-02-05 11:42:11,2026-03-08,Domingo,31,Valladolid,Barcelona,VAL_BAR,09:57,15:44,AVANT,116.0,Turista
2026-02-05 11:42:11,2026-03-08,Domingo,31,Valladolid,Barcelona,VAL_BAR,10:51,16:19,AVE,128.4,Turista
2026-02-05 11:42:11,2026-03-08,Domingo,31,Valladolid,Barcelona,VAL_BAR,11:50,16:59,ALVIA,84.1,Turista
2026-02-05 11:42:23,2026-03-09,Lunes,32,Valladolid,Barcelona,VAL_BAR,06:45,12:06,AVANT,80.1,Turista
2026-02-05 11:42:23,2026-03-09,Lunes,32,Valladolid,Barcelona,VAL_BAR,07:18,12:41,AVE,86.2,Turista
2026-02-05 11:42:23,2026-03-09,Lunes,32,Valladolid,Barcelona,VAL_BAR,07:55,13:44,AVANT,83.2,Turista
2026-02-05 11:42:36,2026-03-10,Martes,33,Valladolid,Barcelona,VAL_BAR,06:45,12:06,AVANT,60.9,Turista
2026-02-05 11:42:36,2026-03-10,Martes,33,Valladolid,Barcelona,VAL_BAR,07:18,12:41,AVE,86.2,Turista
2026-02-05 11:42:36,2026-03-10,Martes,33,Valladolid,Barcelona,VAL_BAR,07:55,13:44,AVANT,72.3,Turista
2026-02-05 11:42:36,2026-03-10,Martes,33,Valladolid,Barcelona,VAL_BAR,08:57,15:11,Intercit,77.2,Turista
2026-02-05 11:42:44,2026-03-11,Miércoles,34,Valladolid,Barcelona,VAL_BAR,06:45,12:06,AVANT,93.0,Turista
2026-02-05 11:42:44,2026-03-11,Miércoles,34,Valladolid,Barcelona,VAL_BAR,07:18,12:41,AVE,86.2,Turista
2026-02-05 11:42:44,2026-03-11,Miércoles,34,Valladolid,Barcelona,VAL_BAR,07:55,13:44,AVANT,83.2,Turista
2026-02-05 11:42:44,2026-03-11,Miércoles,34,Valladolid,Barcelona,VAL_BAR,08:57,15:11,Intercit,77.2,Turista
2026-02-05 11:42:50,2026-03-12,Jueves,35,Valladolid,Barcelona,VAL_BAR,06:45,12:06,AVANT,80.1,Turista
2026-02-05 11:42:50,2026-03-12,Jueves,35,Valladolid,Barcelona,VAL_BAR,07:18,12:41,AVE,86.2,Turista
2026-02-05 11:42:50,2026-03-12,Jueves,35,Valladolid,Barcelona,VAL_BAR,07:55,13:44,AVANT,83.2,Turista
2026-02-05 11:42:50,2026-03-12,Jueves,35,Valladolid,Barcelona,VAL_BAR,08:57,15:11,Intercit,77.2,Turista
2026-02-05 11:43:05,2026-03-13,Viernes,36,Valladolid,Barcelona,VAL_BAR,06:45,12:06,AVANT,80.1,Turista
2026-02-05 11:43:05,2026-03-13,Viernes,36,Valladolid,Barcelona,VAL_BAR,07:18,12:41,AVE,107.1,Turista
2026-02-05 11:43:05,2026-03-13,Viernes,36,Valladolid,Barcelona,VAL_BAR,07:55,13:44,AVANT,83.2,Turista
2026-02-05 11:43:05,2026-03-13,Viernes,36,Valladolid,Barcelona,VAL_BAR,08:57,15:11,Intercit,66.1,Turista
2026-02-05 11:43:19,2026-03-14,Sábado,37,Valladolid,Barcelona,VAL_BAR,07:18,12:41,AVE,96.7,Turista
2026-02-05 11:43:19,2026-03-14,Sábado,37,Valladolid,Barcelona,VAL_BAR,07:55,13:44,AVANT,94.1,Turista
2026-02-05 11:43:19,2026-03-14,Sábado,37,Valladolid,Barcelona,VAL_BAR,09:57,15:44,AVANT,94.1,Turista
2026-02-05 11:43:19,2026-03-14,Sábado,37,Valladolid,Barcelona,VAL_BAR,10:51,16:19,AVE,117.9,Turista
2026-02-05 11:43:27,2026-03-15,Domingo,38,Valladolid,Barcelona,VAL_BAR,07:55,13:44,AVANT,72.3,Turista
2026-02-05 11:43:27,2026-03-15,Domingo,38,Valladolid,Barcelona,VAL_BAR,09:57,15:44,AVANT,105.0,Turista
2026-02-05 11:43:27,2026-03-15,Domingo,38,Valladolid,Barcelona,VAL_BAR,10:51,16:19,AVE,128.4,Turista
2026-02-05 11:43:27,2026-03-15,Domingo,38,Valladolid,Barcelona,VAL_BAR,11:50,16:59,ALVIA,59.4,Turista
2026-02-05 11:43:27,2026-03-15,Domingo,38,Valladolid,Barcelona,VAL_BAR,12:45,18:59,ALVIA,84.1,Turista
2026-02-05 11:43:39,2026-03-16,Lunes,39,Valladolid,Barcelona,VAL_BAR,06:45,12:06,AVANT,80.1,Turista
2026-02-05 11:43:39,2026-03-16,Lunes,39,Valladolid,Barcelona,VAL_BAR,07:18,12:41,AVE,86.2,Turista
2026-02-05 11:43:39,2026-03-16,Lunes,39,Valladolid,Barcelona,VAL_BAR,07:55,13:44,AVANT,105.0,Turista
2026-02-05 11:43:39,2026-03-16,Lunes,39,Valladolid,Barcelona,VAL_BAR,08:57,15:11,Intercit,89.0,Turista
2026-02-05 11:43:53,2026-03-17,Martes,40,Valladolid,Barcelona,VAL_BAR,06:45,12:06,AVANT,80.1,Turista
2026-02-05 11:43:53,2026-03-17,Martes,40,Valladolid,Barcelona,VAL_BAR,07:18,12:41,AVE,86.2,Turista
2026-02-05 11:43:53,2026-03-17,Martes,40,Valladolid,Barcelona,VAL_BAR,07:55,13:44,AVANT,83.2,Turista
2026-02-05 11:43:53,2026-03-17,Martes,40,Valladolid,Barcelona,VAL_BAR,08:57,15:11,Intercit,77.2,Turista
2026-02-05 11:44:07,2026-03-18,Miércoles,41,Valladolid,Barcelona,VAL_BAR,06:45,12:06,AVANT,80.1,Turista
2026-02-05 11:44:07,2026-03-18,Miércoles,41,Valladolid,Barcelona,VAL_BAR,07:18,12:41,AVE,86.2,Turista
2026-02-05 11:44:07,2026-03-18,Miércoles,41,Valladolid,Barcelona,VAL_BAR,07:55,13:44,AVANT,83.2,Turista
2026-02-05 11:44:07,2026-03-18,Miércoles,41,Valladolid,Barcelona,VAL_BAR,08:57,15:11,Intercit,77.2,Turista
2026-02-05 11:44:21,2026-03-19,Jueves,42,Valladolid,Barcelona,VAL_BAR,06:45,12:06,AVANT,93.0,Turista
2026-02-05 11:44:21,2026-03-19,Jueves,42,Valladolid,Barcelona,VAL_BAR,07:18,12:41,AVE,86.2,Turista
2026-02-05 11:44:21,2026-03-19,Jueves,42,Valladolid,Barcelona,VAL_BAR,07:55,13:44,AVANT,83.2,Turista
2026-02-05 11:44:21,2026-03-19,Jueves,42,Valladolid,Barcelona,VAL_BAR,08:57,15:11,Intercit,66.1,Turista
2026-02-05 11:44:29,2026-03-20,Viernes,43,Valladolid,Barcelona,VAL_BAR,06:45,12:06,AVANT,105.9,Turista
2026-02-05 11:44:29,2026-03-20,Viernes,43,Valladolid,Barcelona,VAL_BAR,07:18,12:41,AVE,107.1,Turista
2026-02-05 11:44:29,2026-03-20,Viernes,43,Valladolid,Barcelona,VAL_BAR,07:55,13:44,AVANT,94.1,Turista
2026-02-05 11:44:29,2026-03-20,Viernes,43,Valladolid,Barcelona,VAL_BAR,08:57,15:11,Intercit,77.2,Turista
2026-02-05 11:44:44,2026-03-21,Sábado,44,Valladolid,Barcelona,VAL_BAR,07:18,12:41,AVE,96.7,Turista
2026-02-05 11:44:44,2026-03-21,Sábado,44,Valladolid,Barcelona,VAL_BAR,07:55,13:44,AVANT,83.2,Turista
2026-02-05 11:44:44,2026-03-21,Sábado,44,Valladolid,Barcelona,VAL_BAR,09:57,15:44,AVANT,83.2,Turista
2026-02-05 11:44:44,2026-03-21,Sábado,44,Valladolid,Barcelona,VAL_BAR,10:51,16:19,AVE,128.4,Turista
2026-02-05 11:44:54,2026-03-22,Domingo,45,Valladolid,Barcelona,VAL_BAR,07:55,13:44,AVANT,72.3,Turista
2026-02-05 11:44:54,2026-03-22,Domingo,45,Valladolid,Barcelona,VAL_BAR,09:57,15:44,AVANT,105.0,Turista
2026-02-05 11:44:54,2026-03-22,Domingo,45,Valladolid,Barcelona,VAL_BAR,10:51,16:19,AVE,107.5,Turista
2026-02-05 11:44:54,2026-03-22,Domingo,45,Valladolid,Barcelona,VAL_BAR,11:50,16:59,ALVIA,96.4,Turista
2026-02-05 11:44:54,2026-03-22,Domingo,45,Valladolid,Barcelona,VAL_BAR,12:45,18:59,ALVIA,84.1,Turista
2026-02-05 11:45:11,2026-03-23,Lunes,46,Valladolid,Barcelona,VAL_BAR,06:45,12:06,AVANT,93.0,Turista
2026-02-05 11:45:11,2026-03-23,Lunes,46,Valladolid,Barcelona,VAL_BAR,07:18,12:41,AVE,86.2,Turista
2026-02-05 11:45:11,2026-03-23,Lunes,46,Valladolid,Barcelona,VAL_BAR,07:55,13:44,AVANT,105.0,Turista
2026-02-05 11:45:11,2026-03-23,Lunes,46,Valladolid,Barcelona,VAL_BAR,08:57,15:11,Intercit,89.0,Turista
2026-02-05 11:45:11,2026-03-23,Lunes,46,Valladolid,Barcelona,VAL_BAR,09:55,15:44,ALVIA,101.0,Turista
2026-02-05 11:45:26,2026-03-24,Martes,47,Valladolid,Barcelona,VAL_BAR,06:45,12:06,AVANT,80.1,Turista
2026-02-05 11:45:26,2026-03-24,Martes,47,Valladolid,Barcelona,VAL_BAR,07:18,12:41,AVE,86.2,Turista
2026-02-05 11:45:26,2026-03-24,Martes,47,Valladolid,Barcelona,VAL_BAR,07:55,13:44,AVANT,72.3,Turista
2026-02-05 11:45:26,2026-03-24,Martes,47,Valladolid,Barcelona,VAL_BAR,08:57,15:11,Intercit,66.1,Turista
2026-02-05 11:45:26,2026-03-24,Martes,47,Valladolid,Barcelona,VAL_BAR,09:55,15:44,ALVIA,80.1,Turista
2026-02-05 11:45:38,2026-03-25,Miércoles,48,Valladolid,Barcelona,VAL_BAR,06:45,12:06,AVANT,80.1,Turista
2026-02-05 11:45:38,2026-03-25,Miércoles,48,Valladolid,Barcelona,VAL_BAR,07:18,12:41,AVE,86.2,Turista
2026-02-05 11:45:38,2026-03-25,Miércoles,48,Valladolid,Barcelona,VAL_BAR,07:55,13:44,AVANT,83.2,Turista
2026-02-05 11:45:38,2026-03-25,Miércoles,48,Valladolid,Barcelona,VAL_BAR,08:57,15:11,Intercit,77.2,Turista
2026-02-05 11:45:38,2026-03-25,Miércoles,48,Valladolid,Barcelona,VAL_BAR,09:55,15:44,ALVIA,101.0,Turista
2026-02-05 11:45:51,2026-03-26,Jueves,49,Valladolid,Barcelona,VAL_BAR,06:45,12:06,AVANT,105.9,Turista
2026-02-05 11:45:51,2026-03-26,Jueves,49,Valladolid,Barcelona,VAL_BAR,07:18,12:41,AVE,86.2,Turista
2026-02-05 11:45:51,2026-03-26,Jueves,49,Valladolid,Barcelona,VAL_BAR,07:55,13:44,AVANT,83.2,Turista
2026-02-05 11:45:51,2026-03-26,Jueves,49,Valladolid,Barcelona,VAL_BAR,08:57,15:11,Intercit,77.2,Turista
2026-02-05 11:45:51,2026-03-26,Jueves,49,Valladolid,Barcelona,VAL_BAR,09:55,15:44,ALVIA,101.0,Turista
2026-02-05 11:46:04,2026-03-27,Viernes,50,Valladolid,Barcelona,VAL_BAR,06:45,12:06,AVANT,105.9,Turista
2026-02-05 11:46:04,2026-03-27,Viernes,50,Valladolid,Barcelona,VAL_BAR,07:18,12:41,AVE,117.6,Turista
2026-02-05 11:46:04,2026-03-27,Viernes,50,Valladolid,Barcelona,VAL_BAR,07:55,13:44,AVANT,116.0,Turista
2026-02-05 11:46:04,2026-03-27,Viernes,50,Valladolid,Barcelona,VAL_BAR,08:57,15:11,Intercit,89.0,Turista
2026-02-05 11:46:04,2026-03-27,Viernes,50,Valladolid,Barcelona,VAL_BAR,09:55,15:44,ALVIA,121.8,Turista
2026-02-05 11:46:17,2026-03-28,Sábado,51,Valladolid,Barcelona,VAL_BAR,07:18,12:41,AVE,148.9,Turista
2026-02-05 11:46:17,2026-03-28,Sábado,51,Valladolid,Barcelona,VAL_BAR,07:55,13:44,AVANT,116.0,Turista
2026-02-05 11:46:17,2026-03-28,Sábado,51,Valladolid,Barcelona,VAL_BAR,09:57,15:44,AVANT,105.0,Turista
2026-02-05 11:46:26,2026-03-29,Domingo,52,Valladolid,Barcelona,VAL_BAR,07:55,13:44,AVANT,61.4,Turista
2026-02-05 11:46:26,2026-03-29,Domingo,52,Valladolid,Barcelona,VAL_BAR,09:57,15:44,AVANT,94.1,Turista
2026-02-05 11:46:26,2026-03-29,Domingo,52,Valladolid,Barcelona,VAL_BAR,10:51,16:19,AVE,138.8,Turista
2026-02-05 11:46:26,2026-03-29,Domingo,52,Valladolid,Barcelona,VAL_BAR,11:50,16:59,ALVIA,96.4,Turista
2026-02-05 11:46:26,2026-03-29,Domingo,52,Valladolid,Barcelona,VAL_BAR,12:45,18:59,ALVIA,96.4,Turista
2026-02-05 11:46:39,2026-03-30,Lunes,53,Valladolid,Barcelona,VAL_BAR,06:45,12:06,AVANT,67.3,Turista
2026-02-05 11:46:39,2026-03-30,Lunes,53,Valladolid,Barcelona,VAL_BAR,07:18,12:41,AVE,96.7,Turista
2026-02-05 11:46:39,2026-03-30,Lunes,53,Valladolid,Barcelona,VAL_BAR,07:55,13:44,AVANT,83.2,Turista
2026-02-05 11:46:39,2026-03-30,Lunes,53,Valladolid,Barcelona,VAL_BAR,08:57,15:11,Intercit,89.0,Turista
2026-02-05 11:46:39,2026-03-30,Lunes,53,Valladolid,Barcelona,VAL_BAR,09:55,15:44,ALVIA,101.0,Turista
2026-02-05 11:46:53,2026-03-31,Martes,54,Valladolid,Barcelona,VAL_BAR,06:45,12:06,AVANT,93.0,Turista
2026-02-05 11:46:53,2026-03-31,Martes,54,Valladolid,Barcelona,VAL_BAR,07:18,12:41,AVE,86.2,Turista
2026-02-05 11:46:53,2026-03-31,Martes,54,Valladolid,Barcelona,VAL_BAR,07:55,13:44,AVANT,105.0,Turista
2026-02-05 11:46:53,2026-03-31,Martes,54,Valladolid,Barcelona,VAL_BAR,08:57,15:11,Intercit,124.6,Turista
2026-02-05 11:46:53,2026-03-31,Martes,54,Valladolid,Barcelona,VAL_BAR,09:55,15:44,ALVIA,101.0,Turista
2026-02-05 11:47:07,2026-04-01,Miércoles,55,Valladolid,Barcelona,VAL_BAR,06:45,12:06,AVANT,157.4,Turista
2026-02-05 11:47:07,2026-04-01,Miércoles,55,Valladolid,Barcelona,VAL_BAR,07:18,12:41,AVE,107.1,Turista
2026-02-05 11:47:07,2026-04-01,Miércoles,55,Valladolid,Barcelona,VAL_BAR,07:55,13:44,AVANT,126.9,Turista
2026-02-05 11:47:07,2026-04-01,Miércoles,55,Valladolid,Barcelona,VAL_BAR,08:57,15:11,Intercit,112.8,Turista
2026-02-05 11:47:07,2026-04-01,Miércoles,55,Valladolid,Barcelona,VAL_BAR,09:55,15:44,ALVIA,121.8,Turista
2026-02-05 11:47:20,2026-04-02,Jueves,56,Valladolid,Barcelona,VAL_BAR,07:18,12:41,AVE,107.1,Turista
2026-02-05 11:47:20,2026-04-02,Jueves,56,Valladolid,Barcelona,VAL_BAR,07:55,13:44,AVANT,126.9,Turista
2026-02-05 11:47:20,2026-04-02,Jueves,56,Valladolid,Barcelona,VAL_BAR,08:57,15:11,Intercit,121.7,Turista
2026-02-05 11:47:20,2026-04-02,Jueves,56,Valladolid,Barcelona,VAL_BAR,09:57,15:44,AVANT,105.0,Turista
2026-02-05 11:47:20,2026-04-02,Jueves,56,Valladolid,Barcelona,VAL_BAR,10:22,16:19,ALVIA,125.6,Turista
